0,xpos_1,ypos_1,height_1,xpos_2,ypos_2,height_2,focus
1,29.17583993800547,29.427993237540512,11356.220265184727,32.075796560597084,32.06255090598069,593.050103334897,-3.546136291698705
2,1.0,1.0,1000.0,1.5,1.5,500.0,3.0
